,City,Cloudiness,Country,Date,Humidity,Lat,Lng,Max Temp,Wind Speed
0,palora,75,EC,1566606966,73,-1.7,-77.97,70.02,3.36
1,yellowknife,90,CA,1566606967,67,62.45,-114.38,57.2,14.99
2,hobart,75,AU,1566606823,44,-42.88,147.33,58.6,12.75
3,ambalavao,0,MG,1566606968,89,-21.83,46.94,53.61,4.92
4,palana,100,RU,1566606969,93,59.08,159.95,51.52,6.62
5,punta arenas,75,CL,1566606970,93,-53.16,-70.91,41.0,12.75
6,springbok,0,ZA,1566606970,24,-29.67,17.88,60.88,1.66
7,qaanaaq,97,GL,1566606971,69,77.48,-69.36,36.27,17.74
8,upernavik,21,GL,1566606723,57,72.79,-56.15,38.94,6.33
9,lasa,0,CY,1566606972,69,34.92,32.53,76.46,3.36
10,poum,0,MK,1566606973,68,41.28,20.71,64.4,3.36
11,norman wells,75,CA,1566606974,62,65.28,-126.83,55.4,13.87
12,namatanai,100,PG,1566606975,81,-3.66,152.44,79.4,14.05
13,arraial do cabo,75,BR,1566606975,82,-22.97,-42.02,64.4,4.7
14,lagoa,0,PT,1566606976,73,37.14,-8.45,70.27,7.23
15,ushuaia,90,AR,1566606977,80,-54.81,-68.31,39.2,6.93
16,busselton,0,AU,1566606978,67,-33.64,115.35,40.17,11.18
17,atuona,51,PF,1566606978,73,-9.8,-139.03,79.08,16.78
18,bandarbeyla,26,SO,1566606979,68,9.49,50.81,77.3,18.95
19,katsuura,75,JP,1566606980,88,33.93,134.5,77.9,5.82
20,abu zabad,36,SD,1566606981,87,12.35,29.25,69.88,6.98
21,mataura,95,NZ,1566606981,77,-46.19,168.86,52.0,11.99
22,leningradskiy,53,RU,1566606982,78,69.38,178.42,42.32,5.44
23,vaini,75,IN,1566606983,94,15.34,74.49,69.8,5.82
24,ongandjera,0,NA,1566606984,18,-17.88,15.07,58.32,9.69
25,hilo,90,US,1566606984,62,19.71,-155.08,76.6,12.75
26,cape town,0,ZA,1566606883,76,-33.93,18.42,53.56,4.7
27,mackay,90,CA,1566606986,87,53.65,-115.58,60.8,4.7
28,saskylakh,100,RU,1566606987,72,71.97,114.09,52.58,4.76
29,santa maria,0,BR,1566606987,36,-16.02,-48.01,74.89,2.24
30,takoradi,61,GH,1566606988,89,4.89,-1.75,74.43,4.74
31,nikolskoye,75,RU,1566606989,87,59.7,30.79,60.19,6.71
32,kapaa,40,US,1566606990,66,22.08,-159.32,85.91,11.41
33,can,100,IT,1566606991,83,46.08,11.97,63.99,1.12
34,diffa,93,NE,1566606991,56,13.32,12.61,83.4,10.89
35,waynesville,40,US,1566606992,94,37.83,-92.2,74.97,6.93
36,tuktoyaktuk,90,CA,1566606993,87,69.44,-133.03,42.8,5.82
37,tura,71,RU,1566606994,59,64.27,100.22,57.73,3.67
38,pisco,0,PE,1566606995,87,-13.71,-76.2,60.91,9.17
39,bluff,17,AU,1566606996,57,-23.58,149.07,66.41,16.37
40,odesskoye,35,RU,1566606997,77,54.21,72.97,59.49,10.89
41,rikitea,51,PF,1566606997,70,-23.12,-134.97,70.87,14.9
42,palmer,75,AU,1566606998,58,-34.85,139.16,58.42,10.29
43,torbay,90,CA,1566606999,94,47.66,-52.73,68.72,18.34
44,san patricio,17,PY,1566606999,77,-26.98,-56.83,55.21,5.35
45,provideniya,75,RU,1566607000,53,64.42,-173.23,54.74,5.39
46,mount gambier,57,AU,1566607001,66,-37.83,140.78,53.6,14.99
47,mar del plata,100,AR,1566606730,53,-46.43,-67.52,49.0,10.42
48,barrow,98,AR,1566607002,62,-38.31,-60.23,51.52,9.17
49,chernolesskoye,37,RU,1566607003,53,44.72,43.71,72.9,6.17
50,bredasdorp,0,ZA,1566607004,93,-34.53,20.04,53.26,6.93
51,puerto ayora,0,EC,1566607004,73,-0.74,-90.35,72.59,16.11
52,castro,90,CL,1566607005,100,-42.48,-73.76,50.0,13.87
53,east london,0,ZA,1566607006,90,-33.02,27.91,54.87,2.53
54,leua,9,AO,1566607007,39,-11.65,20.45,54.87,5.79
55,valparaiso,1,US,1566606727,56,41.47,-87.06,67.19,6.93
56,adrar,58,DZ,1566607008,12,27.87,-0.29,96.8,4.7
57,souillac,0,FR,1566607009,46,45.6,-0.6,65.03,8.23
58,khatanga,86,RU,1566607009,60,71.98,102.47,58.43,4.54
59,ushtobe,100,KZ,1566607010,53,45.25,77.98,61.08,11.21
60,pacific grove,1,US,1566607011,53,36.62,-121.92,69.15,8.05
61,itaituba,38,BR,1566607012,69,-4.26,-55.99,74.15,1.66
62,port elizabeth,75,US,1566607012,88,39.31,-74.98,66.18,5.82
63,tchollire,100,CM,1566607013,97,8.4,14.17,70.13,3.38
64,fare,20,PF,1566607014,70,-16.7,-151.02,78.07,8.39
65,kaitangata,56,NZ,1566607015,49,-46.28,169.85,55.99,11.01
66,longyearbyen,75,NO,1566607016,70,78.22,15.63,37.4,6.93
67,pevek,78,RU,1566607016,82,69.7,170.27,41.28,3.94
68,gao,96,ML,1566607017,79,16.28,-0.04,77.6,3.24
69,byron bay,0,AU,1566607018,59,-28.65,153.62,66.67,4.7
70,mahebourg,40,MU,1566607019,93,-20.41,57.7,66.67,1.12
71,hermanus,0,ZA,1566607019,91,-34.42,19.24,60.76,1.99
72,vrangel,100,RU,1566607020,98,42.73,133.08,59.26,3.69
73,albany,75,US,1566606773,60,42.65,-73.75,64.11,5.82
74,cairns,75,AU,1566607021,47,-16.92,145.77,72.16,16.11
75,novoagansk,99,RU,1566607022,86,61.94,76.66,58.63,15.05
76,lorengau,9,PG,1566607023,74,-2.02,147.27,83.4,13.89
77,bethel,40,US,1566607024,55,60.79,-161.76,63.18,10.29
78,funtua,84,NG,1566607024,96,11.52,7.31,68.15,7.67
79,beringovskiy,23,RU,1566607025,47,63.05,179.32,59.03,3.56
80,cidreira,23,BR,1566607026,87,-30.17,-50.22,52.11,6.11
81,strezhevoy,75,RU,1566607027,100,60.73,77.6,59.0,11.18
82,geraldton,20,CA,1566607028,59,49.72,-86.95,62.6,3.36
83,neiafu,20,TO,1566606793,78,-18.65,-173.98,82.4,9.17
84,chokurdakh,45,RU,1566607029,44,70.62,147.9,60.38,5.44
85,severo-kurilsk,86,RU,1566607030,89,50.68,156.12,49.43,4.14
86,kavaratti,100,IN,1566607030,78,10.57,72.64,81.67,17.2
87,hasaki,75,JP,1566607031,88,35.73,140.83,81.07,1.12
88,hobyo,40,SO,1566607032,76,5.35,48.53,78.2,22.28
89,saint-philippe,75,CA,1566607033,48,45.36,-73.48,64.4,12.75
90,airai,76,TL,1566607034,59,-8.93,125.41,79.49,1.12
91,salalah,75,OM,1566607034,88,17.01,54.1,78.8,4.7
92,evensk,100,RU,1566607035,90,61.92,159.24,53.54,8.84
93,ahipara,2,NZ,1566607036,100,-35.17,173.16,63.0,22.62
94,praia da vitoria,75,PT,1566607037,94,38.73,-27.07,69.8,13.42
95,ponta do sol,8,BR,1566607038,65,-20.63,-46.0,61.85,2.86
96,los llanos de aridane,0,ES,1566607038,78,28.66,-17.92,73.4,17.22
97,narsaq,48,GL,1566607039,70,60.91,-46.05,44.6,1.12
98,victoria,75,BN,1566607040,83,5.28,115.24,81.18,3.36
99,mozarlandia,44,BR,1566606790,28,-14.74,-50.57,81.36,2.04
100,kruisfontein,0,ZA,1566607041,85,-34.0,24.73,54.89,4.65
101,saint george,0,GR,1566607042,60,39.45,22.34,73.49,0.65
102,san policarpo,100,PH,1566607043,74,12.18,125.51,82.07,8.79
103,badarpur,98,IN,1566607044,99,24.87,92.56,75.39,1.32
104,mikhaylovskoye,56,RU,1566607045,50,43.1,44.64,66.33,5.28
105,new norfolk,75,AU,1566607046,44,-42.78,147.06,58.6,12.75
106,hithadhoo,87,MV,1566606945,66,-0.6,73.08,82.68,6.91
107,sihora,100,IN,1566607047,90,23.49,80.11,76.65,4.52
108,flagstaff,20,US,1566606872,19,35.2,-111.65,83.8,11.41
109,vanimo,22,PG,1566607048,75,-2.67,141.3,82.35,10.74
110,pangnirtung,25,CA,1566607049,69,66.15,-65.72,44.84,3.62
111,jamestown,0,AU,1566606956,45,-33.21,138.6,58.67,16.58
112,nizhniy tsasuchey,0,RU,1566607051,64,50.52,115.13,64.66,7.52
113,lompoc,90,US,1566607051,72,34.64,-120.46,71.69,6.93
114,heyang,6,CN,1566607052,85,26.1,107.47,70.19,3.31
115,vestmanna,100,FO,1566607053,100,62.16,-7.17,53.6,16.11
116,vardo,90,US,1566607054,93,39.62,-77.74,63.97,3.36
117,luangwa,0,MZ,1566607055,63,-15.62,30.4,54.81,0.74
118,malaya vishera,100,RU,1566607055,95,58.85,32.22,58.86,11.9
119,saint-francois,0,FR,1566607056,93,46.42,3.91,54.7,3.02
120,isangel,75,VU,1566607057,60,-19.55,169.27,73.4,16.11
121,oda,40,JP,1566607058,69,35.19,132.5,80.6,3.36
122,kodiak,1,US,1566607058,61,39.95,-94.76,75.87,9.17
123,richards bay,0,ZA,1566607059,76,-28.77,32.06,66.01,2.89
124,mount abu,0,IN,1566607060,86,24.59,72.71,76.23,3.31
125,iqaluit,75,CA,1566607061,70,63.75,-68.52,48.09,2.24
126,hervey bay,40,AU,1566607062,60,-25.3,152.85,70.68,10.29
127,mehamn,100,NO,1566607062,93,71.03,27.85,43.56,6.96
128,edmundston,75,CA,1566607063,76,47.36,-68.33,59.49,14.99
129,mount isa,0,AU,1566607064,17,-20.73,139.49,75.2,3.36
130,port alfred,0,ZA,1566607064,92,-33.59,26.89,57.99,3.0
131,yurgamysh,49,RU,1566607065,94,55.37,64.47,53.52,8.1
132,gedo,99,ET,1566607066,98,9.01,37.45,59.31,1.45
133,harper,40,US,1566607067,38,30.3,-99.24,87.98,9.17
134,sibut,100,CF,1566607068,94,5.73,19.09,69.95,2.71
135,marquette,5,US,1566607068,59,46.54,-87.4,59.05,10.29
136,georgetown,20,GY,1566607069,78,6.8,-58.16,80.47,6.93
137,tasiilaq,100,GL,1566607070,60,65.61,-37.64,42.8,5.82
138,san carlos de bariloche,75,AR,1566606902,75,-41.13,-71.31,44.6,14.99
139,kahului,40,US,1566607060,74,20.89,-156.47,81.99,17.22
140,clyde river,1,CA,1566607072,87,70.47,-68.59,48.2,17.22
141,rio gallegos,20,AR,1566607073,93,-51.62,-69.22,41.0,20.8
142,thompson,75,CA,1566606935,64,55.74,-97.86,68.0,5.82
143,cockburn town,8,TC,1566607074,82,21.46,-71.14,83.47,23.09
144,nandi,40,IN,1566607075,100,13.39,77.7,68.0,18.34
145,tiksi,100,RU,1566607076,99,71.64,128.87,47.09,2.68
146,kurumkan,0,RU,1566607076,59,54.33,110.32,59.58,7.67
147,ulety,21,RU,1566607077,68,51.36,112.48,57.84,3.44
148,dikson,100,RU,1566606783,96,73.51,80.55,40.38,21.74
149,santa cruz,9,BR,1566607079,75,-6.22,-36.02,70.29,15.05
150,los alamos,18,US,1566607080,21,35.88,-106.3,79.0,5.82
151,cao bang,38,VN,1566607081,85,22.67,106.25,74.15,2.24
152,vestmannaeyjar,58,IS,1566607081,88,63.44,-20.27,50.73,8.48
153,ozernovskiy,98,RU,1566607082,93,51.5,156.52,48.89,6.51
154,mao,40,DO,1566607083,70,19.55,-71.08,83.07,16.11
155,chenzhou,0,CN,1566607084,70,25.81,113.03,82.17,3.27
156,vao,100,EE,1566607085,94,59.1,26.19,60.39,11.56
157,sandwick,60,GB,1566607085,100,54.57,-2.89,60.35,2.24
158,faanui,5,PF,1566607086,70,-16.48,-151.75,78.47,10.02
159,kamyshla,91,RU,1566607087,91,54.11,52.14,53.57,3.87
160,trairi,20,BR,1566607088,84,-3.28,-39.27,72.53,6.89
161,xifeng,6,CN,1566607089,89,42.73,124.72,64.21,4.5
162,dukat,18,AL,1566607090,53,40.25,19.57,78.53,1.01
163,sao felix do xingu,94,BR,1566607090,71,-6.64,-51.99,76.74,5.08
164,nisko,0,PL,1566607091,87,50.52,22.14,59.2,6.93
165,naryan-mar,58,RU,1566607092,94,67.67,53.09,42.02,10.85
166,saint-augustin,75,CA,1566607092,59,45.63,-73.98,64.87,5.82
167,cardston,75,CA,1566607093,49,49.2,-113.32,74.39,9.17
168,kangaatsiaq,0,GL,1566606810,79,68.31,-53.46,44.34,7.34
169,nichinan,75,JP,1566607094,83,31.65,131.31,80.94,2.24
170,kavieng,77,PG,1566607095,78,-2.57,150.8,82.77,11.72
171,cabo san lucas,90,MX,1566607096,88,22.89,-109.91,81.32,12.75
172,singapore,75,MY,1566606551,83,1.29,103.85,81.36,5.82
173,cherskiy,38,RU,1566607097,39,68.75,161.3,63.27,4.41
174,butaritari,54,KI,1566607098,70,3.07,172.79,84.39,7.74
175,bandrele,75,YT,1566607099,88,-12.91,45.19,77.0,16.11
176,touros,0,BR,1566607100,88,-5.2,-35.46,73.4,3.36
177,san cristobal,0,HN,1566607100,54,14.68,-86.92,75.42,6.85
178,paamiut,44,GL,1566607101,86,61.99,-49.67,40.86,13.15
179,ambilobe,36,MG,1566607102,83,-13.19,49.05,68.94,7.72
180,descalvado,0,BR,1566607103,71,-21.91,-47.62,61.99,4.7
181,jhargram,100,IN,1566607103,91,22.45,86.99,77.37,1.61
182,xining,100,CN,1566607104,95,36.62,101.77,50.28,0.96
183,teofilo otoni,32,BR,1566607105,78,-17.86,-41.51,64.12,3.09
184,vila velha,20,BR,1566606810,74,-3.71,-38.6,82.24,9.17
185,avarua,0,CK,1566606817,69,-21.21,-159.78,77.0,14.99
186,ketchikan,90,US,1566607107,93,55.34,-131.65,57.2,21.92
187,hof,1,DE,1566607108,100,50.32,11.92,54.46,2.06
188,yelanskiy,0,RU,1566607109,94,56.84,62.5,50.26,8.3
189,southbridge,1,US,1566607005,60,42.08,-72.03,66.74,8.05
190,grand gaube,40,MU,1566607110,93,-20.01,57.66,66.58,1.12
191,acapulco,75,MX,1566607111,74,16.86,-99.88,84.2,6.93
192,birao,100,CF,1566607111,93,10.3,22.78,72.04,4.72
193,dolores,85,UY,1566607112,68,-33.53,-58.22,51.01,7.99
194,turayf,0,SA,1566607113,30,31.68,38.65,82.4,13.87
195,chuy,0,UY,1566607114,80,-33.69,-53.46,48.42,4.83
196,bambous virieux,40,MU,1566607114,93,-20.34,57.76,66.65,1.12
197,matagami,96,NG,1566607115,99,9.67,8.4,67.52,5.55
198,lufilufi,2,WS,1566607116,72,-13.87,-171.6,82.16,15.35
199,maibong,95,IN,1566607117,99,25.3,93.13,74.45,1.14
200,vieux-habitants,0,GP,1566607117,78,16.06,-61.77,82.4,4.7
201,jardim,0,BR,1566607118,40,-21.48,-56.15,70.42,6.96
202,nagar,23,IN,1566607119,57,27.42,77.1,85.13,0.18
203,finote selam,100,ET,1566607120,99,10.7,37.27,59.01,1.01
204,antalaha,82,MG,1566607120,98,-14.9,50.28,60.92,4.05
205,gorontalo,71,ID,1566607121,71,0.54,123.06,81.26,7.72
206,miyako,75,JP,1566607122,69,33.63,130.94,79.97,4.7
207,mareeba,75,AU,1566607123,47,-16.99,145.42,72.23,16.11
208,palu,100,ID,1566606890,72,-0.9,119.87,80.3,1.19
209,noumea,75,NC,1566607124,46,-22.28,166.46,70.38,10.29
210,stanovoye,60,RU,1566607125,88,52.76,38.34,56.06,7.36
211,okhotsk,100,RU,1566607126,82,59.36,143.24,57.06,9.04
212,faya,0,SA,1566607127,52,18.39,42.45,68.92,2.93
213,inirida,40,CO,1566607127,91,3.87,-67.92,72.49,2.01
214,champerico,90,MX,1566607128,62,16.38,-93.6,84.2,5.82
215,lebu,75,ET,1566607129,87,8.96,38.73,55.4,6.93
216,kamina,46,CD,1566607130,31,-8.74,25.0,62.61,4.79
217,muros,0,ES,1566607131,82,42.77,-9.06,63.9,4.85
218,bonnyville,90,CA,1566607131,63,54.27,-110.74,64.4,6.93
219,dawson creek,1,CA,1566607132,52,55.76,-120.23,63.93,13.87
220,mount pleasant,1,US,1566607114,46,33.16,-94.97,88.3,6.17
221,mikun,17,RU,1566607133,98,62.35,50.08,48.32,5.37
222,cabedelo,20,BR,1566607134,88,-6.97,-34.84,73.4,10.29
223,antofagasta,90,CL,1566607135,76,-23.65,-70.4,57.2,6.93
224,konevo,0,BG,1566607136,46,41.67,25.61,82.0,3.0
225,sao filipe,78,CV,1566607136,76,14.9,-24.5,77.85,5.82
226,newport,49,GB,1566607137,67,51.59,-3.0,55.83,6.93
227,bowen,90,AU,1566607138,68,-20.01,148.25,72.32,17.22
228,zhanaozen,0,KZ,1566607139,29,43.35,52.85,76.7,14.0
229,miraflores,0,PE,1566606840,19,-16.39,-71.52,57.2,2.24
230,buala,85,SB,1566607140,75,-8.15,159.59,82.64,8.72
231,alofi,40,NU,1566607141,70,-19.06,-169.92,84.2,12.75
232,samarai,96,PG,1566607142,80,-10.62,150.67,73.52,9.91
233,beni suef,0,EG,1566607021,58,29.07,31.1,73.77,9.93
234,dingle,98,PH,1566607143,83,11.0,122.67,80.27,10.56
235,kysyl-syr,2,RU,1566607144,80,63.9,122.77,58.45,2.73
236,tumut,0,AU,1566607145,54,-35.3,148.22,51.07,4.59
237,skowhegan,1,US,1566607145,63,44.77,-69.72,63.03,4.7
238,broken hill,0,AU,1566607146,29,-31.97,141.45,60.8,13.87
239,fukue,40,JP,1566607147,78,35.03,136.69,79.57,2.24
240,camacha,40,PT,1566606933,83,33.08,-16.33,72.63,11.41
241,bathsheba,20,BB,1566607148,74,13.22,-59.52,82.4,11.41
242,liliongan,100,PH,1566607149,66,7.36,124.8,75.1,2.57
243,seoul,20,KR,1566606678,78,37.57,126.98,71.6,1.12
244,saint-paul,0,FR,1566607150,62,45.22,1.9,59.65,5.82
245,port lincoln,62,AU,1566607151,74,-34.72,135.86,55.64,23.38
246,zhuji,40,CN,1566607152,79,29.72,120.23,86.56,2.24
247,najran,0,SA,1566607153,21,17.54,44.22,80.6,5.82
248,seoni malwa,99,IN,1566607153,93,22.45,77.47,74.24,6.44
249,northam,0,AU,1566607154,81,-31.65,116.67,48.2,4.7
250,tiarei,20,PF,1566607155,58,-17.53,-149.33,84.09,11.41
251,soyo,83,AO,1566607156,90,-6.13,12.37,72.47,5.86
252,fortuna,1,US,1566606994,72,40.6,-124.16,64.71,14.99
253,auki,65,NG,1566607157,90,12.18,6.51,71.82,8.84
254,sankheda,20,IN,1566607158,88,22.21,73.58,80.6,5.82
255,srednekolymsk,15,RU,1566607159,35,67.46,153.71,72.96,5.41
256,lewistown,1,US,1566607159,64,40.39,-90.15,72.18,6.93
257,wanning,40,AT,1566607160,88,48.64,13.53,62.55,2.24
258,apatou,91,SR,1566607161,98,5.16,-54.34,72.67,2.57
259,beloha,20,MG,1566607162,90,-25.17,45.06,63.38,11.81
260,batagay-alyta,52,RU,1566607162,59,67.8,130.41,56.88,2.24
261,omsukchan,100,RU,1566607163,59,62.53,155.8,63.38,8.99
262,khorramabad,0,IR,1566607164,18,33.48,48.35,70.72,6.93
263,gobabis,0,NA,1566607165,32,-22.45,18.97,53.6,2.24
264,banjar,85,ID,1566607166,88,-7.37,108.54,70.82,1.74
265,duvan,61,RU,1566607166,97,55.69,57.9,47.52,2.19
266,yulara,0,AU,1566607167,12,-25.24,130.99,64.4,1.12
267,san quintin,100,PH,1566607168,97,17.54,120.52,76.05,11.9
268,oussouye,40,SN,1566607168,88,12.49,-16.54,78.78,6.93
269,lahat,0,ID,1566607169,72,-3.78,103.55,67.04,3.31
270,sekoma,0,BW,1566607170,17,-24.51,23.93,52.4,4.7
271,te anau,93,NZ,1566607171,84,-45.41,167.72,42.61,8.93
272,hami,0,CN,1566607171,25,42.84,93.51,77.17,10.98
273,namibe,37,AO,1566607172,89,-15.19,12.15,66.78,1.23
274,veraval,0,FR,1566607173,67,49.65,0.71,60.94,6.93
275,hofn,100,IS,1566607174,96,64.25,-15.21,37.61,5.79
276,portland,90,US,1566606461,46,43.66,-70.25,66.02,6.93
277,codrington,0,AU,1566607175,55,-28.95,153.24,65.91,1.12
278,half moon bay,90,US,1566607176,82,37.46,-122.43,70.23,11.41
279,segezha,87,RU,1566607177,98,63.74,34.31,51.02,3.65
280,kieta,100,PG,1566607177,76,-6.22,155.63,82.25,11.95
281,kimamba,44,TZ,1566607178,71,-6.79,37.14,69.03,4.97
282,fairbanks,90,US,1566607136,58,64.84,-147.72,54.16,12.75
283,dzilam gonzalez,74,MX,1566607179,82,21.28,-88.93,82.99,8.01
284,montrose,85,GB,1566607180,87,56.71,-2.47,59.45,14.99
285,talnakh,75,RU,1566607181,100,69.49,88.39,53.6,6.71
286,bakchar,1,RU,1566607182,96,57.02,82.07,50.69,3.6
287,akdepe,0,TM,1566607183,48,42.05,59.39,63.46,6.93
288,were ilu,54,ET,1566607183,86,10.6,39.43,56.69,4.54
289,sokolo,100,ML,1566607184,85,14.74,-6.12,73.57,24.29
290,naze,100,NG,1566607185,94,5.43,7.07,72.27,3.98
291,el dorado,20,TT,1566607186,83,10.65,-61.37,80.64,5.82
292,butterworth,75,MY,1566607186,94,5.4,100.37,78.66,3.36
293,chietla,28,MX,1566607187,81,18.52,-98.58,76.49,4.41
294,rudnyy,0,KZ,1566607188,76,52.96,63.12,57.2,6.71
295,vila franca do campo,20,PT,1566607189,94,37.72,-25.43,72.05,6.93
296,marathon,5,CA,1566607189,70,48.72,-86.38,58.77,5.53
297,cayenne,0,GF,1566607190,94,4.94,-52.33,77.0,4.63
298,makarov,100,RU,1566607191,98,48.62,142.78,44.79,9.46
299,meulaboh,100,ID,1566607192,78,4.14,96.13,80.77,12.01
300,sarangani,100,PH,1566607192,67,5.4,125.46,82.53,2.48
301,darfo,75,IT,1566607193,94,45.88,10.18,69.98,3.36
302,boa viagem,0,BR,1566607194,44,-5.13,-39.73,75.05,3.8
303,bilibino,29,RU,1566607195,39,68.06,166.44,57.6,5.55
304,luau,14,CD,1566607196,36,-10.7,22.23,58.68,4.54
305,magadan,79,RU,1566607196,89,59.56,150.8,54.53,6.67
306,itoman,40,JP,1566607197,74,26.12,127.67,86.25,14.99
307,kununurra,54,AU,1566607198,15,-15.77,128.74,75.2,1.12
308,deputatskiy,62,RU,1566607199,56,69.3,139.9,61.6,4.0
309,porto novo,75,BR,1566607199,72,-23.68,-45.44,60.8,3.36
310,cacule,38,BR,1566606996,43,-14.5,-42.22,69.21,8.28
311,goundam,100,ML,1566607201,82,16.42,-3.66,75.86,9.75
312,kanniyakumari,100,IN,1566607201,81,8.08,77.57,78.68,13.02
313,kars,0,TR,1566607202,62,40.61,43.1,60.76,4.7
314,nouadhibou,0,MR,1566607203,83,20.93,-17.03,71.6,8.05
315,morgan city,75,US,1566607204,94,29.7,-91.21,81.14,6.93
316,dicabisagan,100,PH,1566607205,95,17.08,122.42,76.83,2.51
317,umarkhed,100,IN,1566607206,86,19.6,77.69,73.73,9.22
318,bratsk,75,RU,1566607206,100,56.15,101.63,59.0,8.95
319,komsomolskiy,93,RU,1566607207,97,67.55,63.78,47.02,11.21
320,daru,98,PG,1566607208,67,-9.07,143.21,78.7,7.38
321,merrill,1,US,1566607209,17,42.03,-121.6,85.66,3.36
322,guerrero negro,0,MX,1566607210,81,27.97,-114.04,70.94,12.86
323,severobaykalsk,38,RU,1566607210,65,55.65,109.32,57.82,5.79
324,padang,65,ID,1566607211,83,-0.92,100.36,80.7,18.68
325,kupang,40,ID,1566607212,69,-10.16,123.6,80.6,11.41
326,pemba,75,MZ,1566607213,73,-12.97,40.52,75.2,14.99
327,husavik,67,CA,1566607213,40,50.56,-96.99,73.0,5.01
328,luwingu,17,ZM,1566607214,63,-10.26,29.92,51.61,5.03
329,lodingen,100,NO,1566607215,87,68.41,16.0,50.38,16.11
330,carnarvon,0,ZA,1566607216,26,-30.97,22.13,57.33,6.87
331,port blair,100,IN,1566607216,80,11.67,92.75,82.48,23.42
332,nemuro,75,JP,1566607217,93,43.32,145.57,62.6,10.29
333,la ronge,75,CA,1566607218,68,55.1,-105.3,64.4,8.05
334,saint anthony,1,US,1566607219,25,43.97,-111.68,75.67,3.71
335,hue,75,VN,1566607220,83,16.47,107.58,82.4,2.24
336,japura,45,ID,1566607220,84,-0.42,102.29,74.81,2.64
337,sayyan,26,YE,1566607221,62,15.17,44.32,74.06,2.37
338,nianzishan,51,CN,1566607222,85,47.51,122.88,62.68,1.79
339,sitka,87,US,1566607222,56,37.17,-99.65,82.12,18.86
340,nuuk,40,GL,1566607223,87,64.17,-51.74,44.29,3.36
341,ribeira grande,37,PT,1566607224,83,38.52,-28.7,69.86,15.59
342,manokwari,96,ID,1566607225,77,-0.87,134.08,78.45,4.14
343,esperance,75,AU,1566607226,100,-33.86,121.89,46.4,3.36
344,setermoen,72,NO,1566607226,87,68.86,18.35,47.53,10.29
345,yanam,100,IN,1566607100,91,16.73,82.22,77.19,7.63
346,maine-soroa,100,NE,1566607228,51,13.21,12.02,84.98,13.2
347,dalupirip,100,PH,1566607229,99,16.33,120.73,70.55,3.24
348,manicore,65,BR,1566607230,47,-5.81,-61.3,85.09,2.1
349,college,90,US,1566607033,58,64.86,-147.8,54.43,12.75
350,voyvozh,61,RU,1566607231,94,62.89,54.96,51.86,9.31
351,ilinskiy,20,RU,1566607232,87,55.62,38.12,54.68,2.24
352,lavumisa,0,ZA,1566607233,38,-27.31,31.88,57.32,4.43
353,gilgit,37,PK,1566607234,64,35.92,74.31,47.7,4.59
354,pauini,88,BR,1566607234,52,-7.71,-67.0,81.47,1.01
355,avera,90,US,1566607235,94,33.19,-82.53,78.89,8.05
356,mercedes,85,UY,1566607236,68,-33.25,-58.03,51.01,7.99
357,san jose,1,HN,1566606993,45,14.25,-87.96,87.8,12.75
358,ialibu,97,PG,1566607237,93,-6.28,143.99,67.23,2.51
359,nanortalik,17,GL,1566607238,90,60.14,-45.24,40.2,1.5
360,sembakung,40,ID,1566607239,88,3.82,117.25,78.8,5.82
361,grindavik,75,IS,1566607239,81,63.84,-22.43,51.8,8.05
362,srandakan,89,ID,1566607240,85,-7.94,110.25,74.27,10.38
363,jacala,89,MX,1566607241,67,21.0,-99.19,74.42,5.39
364,saquena,96,PE,1566607242,98,-4.67,-73.52,71.41,2.19
365,salinas,1,US,1566607243,64,36.67,-121.66,69.62,19.46
366,sao gabriel da cachoeira,19,BR,1566607243,76,-0.13,-67.09,78.27,3.11
367,chiredzi,0,ZW,1566607244,60,-21.05,31.67,58.86,3.51
368,markova,75,RU,1566607245,88,52.21,104.21,64.4,4.47
369,bairnsdale,0,AU,1566607246,59,-37.83,147.63,58.35,9.31
370,saint-georges,58,CA,1566607117,74,46.12,-70.67,59.34,1.01
371,kendari,69,ID,1566607248,74,-3.99,122.52,79.55,1.05
372,verkhniy avzyan,95,RU,1566607249,99,53.53,57.54,55.88,2.33
373,skelleftea,83,SE,1566607249,87,64.75,20.95,50.92,10.29
374,satinka,100,RU,1566607250,88,52.38,41.68,60.48,9.04
375,belmonte,0,PT,1566607251,80,40.36,-7.35,68.9,1.19
376,xianyang,38,CN,1566607252,83,34.31,108.72,75.2,4.47
377,tanete,81,ID,1566607252,76,-3.94,119.78,79.71,12.5
378,brae,100,GB,1566607253,87,60.4,-1.35,57.2,17.22
379,dong hoi,100,VN,1566607254,91,17.48,106.6,75.89,2.98
380,visby,15,SE,1566607255,88,57.64,18.3,62.69,11.41
381,waipawa,98,NZ,1566607255,81,-39.94,176.59,48.99,4.0
382,beoumi,84,CI,1566607256,96,7.67,-5.58,71.0,3.83
383,tokur,100,RU,1566607257,94,53.13,132.9,50.44,3.74
384,glasgow,20,GB,1566607140,87,55.86,-4.24,59.41,2.24
385,nouakchott,0,MR,1566607258,83,18.08,-15.98,80.6,8.05
386,zandvoort,0,NL,1566607259,87,52.37,4.53,62.22,5.82
387,abastumani,75,GE,1566607260,94,41.75,42.83,69.8,2.24
388,ibipeba,11,BR,1566607261,67,-11.64,-42.01,63.63,7.87
389,ilulissat,20,GL,1566607262,56,69.22,-51.1,41.0,7.99
390,mikhaylovka,86,RU,1566607262,86,52.96,103.29,58.16,16.42
391,bonthe,97,SL,1566607263,88,7.53,-12.5,76.9,8.23
392,saldanha,0,PT,1566607264,42,41.42,-6.55,70.6,1.59
393,udachnyy,90,RU,1566607264,100,66.42,112.4,48.2,4.47
394,cravo norte,14,CO,1566607177,88,6.3,-70.2,76.5,3.42
395,berlevag,100,NO,1566607266,92,70.86,29.09,44.05,9.78
396,sur,0,OM,1566607267,63,22.57,59.53,81.63,8.14
397,san rafael,98,AR,1566607267,41,-34.61,-68.33,59.69,8.48
398,baykit,69,RU,1566607268,74,61.68,96.39,52.64,2.59
399,guhagar,21,IN,1566607269,79,17.48,73.19,80.84,3.56
400,ambon,0,FR,1566607270,67,47.55,-2.56,65.46,9.17
401,salvador,20,BR,1566607270,78,-12.98,-38.48,77.0,8.05
402,petrozavodsk,100,RU,1566607271,100,61.79,34.39,55.4,4.47
403,tzaneen,0,ZA,1566607272,32,-23.83,30.16,51.8,5.82
404,raudeberg,100,NO,1566607273,93,61.99,5.14,55.13,10.29
405,beipiao,78,CN,1566607273,63,41.8,120.76,69.14,7.16
406,bronzani majdan,40,BA,1566607263,83,44.79,16.93,69.8,4.7
407,coxim,13,BR,1566607275,33,-18.5,-54.75,82.82,9.4
408,mandalgovi,0,MN,1566607276,62,45.76,106.27,63.2,8.57
409,kashary,51,RU,1566607277,73,49.04,41.01,69.3,10.09
410,kodinsk,100,RU,1566607277,76,58.6,99.18,57.17,6.46
411,comodoro rivadavia,0,AR,1566607278,76,-45.87,-67.48,48.2,2.24
412,abu dhabi,0,AE,1566607090,32,24.47,54.37,95.86,4.7
413,mendi,100,ET,1566607279,95,9.8,35.1,61.02,3.42
414,horsham,0,AU,1566607280,66,-36.71,142.2,53.57,11.23
415,kenai,1,US,1566607279,45,60.55,-151.26,67.33,8.05
416,saint-pierre,0,FR,1566607281,63,48.95,4.24,57.16,9.17
417,abapo,0,BO,1566607140,46,-18.83,-63.47,67.18,1.01
418,mount hagen,67,PG,1566607283,59,-5.86,144.23,61.91,4.27
419,alta floresta,4,BR,1566607283,29,-9.87,-56.08,79.53,1.19
420,ahuimanu,90,US,1566607284,74,21.44,-157.84,87.4,11.41
421,lodwar,33,KE,1566607285,59,3.12,35.6,80.52,8.9
422,fonte boa,71,BR,1566607286,78,-2.51,-66.09,78.97,4.38
423,ust-kut,100,RU,1566607286,76,56.78,105.75,58.86,1.52
424,ubinskoye,13,RU,1566607287,78,55.31,79.68,51.43,6.31
425,vilhena,5,BR,1566607288,45,-12.74,-60.15,78.03,1.21
426,sisimiut,3,GL,1566607289,75,66.94,-53.67,45.04,17.2
427,hamilton,75,CA,1566607038,55,43.26,-79.87,65.46,6.93
428,klaksvik,100,FO,1566607290,100,62.23,-6.59,53.6,16.11
429,kayerkan,75,RU,1566607291,100,69.35,87.76,53.6,6.71
430,washington,90,US,1566606994,88,38.9,-77.04,65.05,4.81
431,santa fe,90,AR,1566607045,50,-31.62,-60.7,59.81,5.99
432,mae ramat,90,TH,1566607293,94,16.98,98.52,77.0,2.24
433,oriximina,0,BR,1566607293,66,-1.77,-55.87,81.74,3.51
434,payo,0,ID,1566607294,72,-3.75,103.64,67.04,3.31
435,mundo nuevo,0,CL,1566607295,82,-32.72,-71.41,55.4,8.05
436,kindu,7,CD,1566607296,63,-2.95,25.92,73.26,1.63
437,dharchula,95,IN,1566607296,86,29.85,80.53,52.06,0.94
438,kyshtovka,86,RU,1566607297,78,56.56,76.62,56.79,8.88
439,kiunga,96,PG,1566607298,82,-6.12,141.3,76.04,3.38
440,khuzhir,0,RU,1566607299,53,53.19,107.35,62.19,5.7
441,bulgan,15,MN,1566607300,83,48.81,103.53,55.57,2.42
442,sao joao da barra,99,BR,1566607301,84,-21.64,-41.05,65.09,2.46
443,livingston,1,US,1566607072,68,40.8,-74.31,68.72,7.05
444,ciudad bolivar,13,VE,1566607302,75,8.12,-63.55,80.64,2.89
445,carlsbad,0,CZ,1566607303,87,50.23,12.87,54.05,2.24
446,buchanan,20,LR,1566607304,94,5.88,-10.05,75.2,10.78
447,egvekinot,56,RU,1566607304,46,66.32,-179.17,56.13,4.74
448,mecca,21,SA,1566607184,38,21.43,39.83,85.97,6.93
449,mananjary,26,MG,1566607306,84,-19.16,46.8,59.24,4.99
450,constitucion,90,MX,1566607307,55,23.99,-104.67,66.58,11.41
451,tingi,78,TZ,1566607307,68,-11.3,35.03,64.41,1.23
452,maceio,0,BR,1566607308,78,-9.67,-35.74,75.2,5.82
453,coahuayana,63,MX,1566607309,77,18.62,-100.35,81.47,1.68
454,ballina,100,IE,1566607310,99,54.11,-9.15,60.69,12.77
455,kozhva,100,RU,1566607311,96,65.11,57.05,49.67,8.81
456,lokosovo,100,RU,1566607311,95,61.13,74.84,59.98,14.88
457,ubatuba,75,BR,1566607312,77,-23.43,-45.08,60.8,5.82
458,honningsvag,98,NO,1566607313,90,70.98,25.97,45.06,16.89
459,tullamore,0,AU,1566607314,47,-32.63,147.57,57.01,9.24
460,whitehorse,90,CA,1566607065,62,60.72,-135.06,53.19,2.24
461,mlimba,6,TZ,1566607315,66,-8.78,35.81,61.37,3.96
462,turukhansk,91,RU,1566607316,74,65.8,87.96,56.27,8.16
463,balila,75,IN,1566607317,94,12.67,75.41,73.4,4.36
464,black river,40,JM,1566607317,88,18.03,-77.85,77.0,6.93
465,treinta y tres,0,UY,1566607318,89,-33.23,-54.39,45.62,6.62
466,presidencia roque saenz pena,0,AR,1566607229,59,-26.79,-60.44,57.55,5.55
467,kutum,6,SD,1566607320,73,14.2,24.66,73.32,1.41
468,brodokalmak,20,RU,1566607320,100,55.57,62.07,55.71,8.95
469,trujillo,35,VE,1566607321,77,9.37,-70.44,74.72,3.94
470,alberton,0,ZA,1566607322,31,-26.25,28.13,51.8,2.62
471,jalu,0,LY,1566607323,79,29.03,21.55,75.3,10.49
472,lodja,28,CD,1566607323,60,-3.52,23.6,72.62,0.92
473,oranjemund,0,ZA,1566607324,55,-28.55,16.43,62.46,4.5
474,krasnyye baki,18,RU,1566607325,94,57.13,45.16,51.25,3.83
475,panguipulli,90,CL,1566607326,87,-39.64,-72.33,53.28,5.82
476,kuragino,100,RU,1566607327,75,53.89,92.68,53.05,12.5
477,prainha,56,BR,1566607327,91,-1.8,-53.48,72.71,3.22
478,changping,0,CN,1566607328,69,40.22,116.23,82.08,2.24
479,paita,2,PE,1566607117,93,-5.09,-81.11,62.05,18.14
480,tallahassee,20,US,1566607167,74,30.44,-84.28,83.32,4.7
481,qianguo,25,CN,1566607330,84,45.12,124.86,65.76,5.97
482,nokaneng,0,BW,1566607331,30,-19.66,22.19,57.06,4.45
483,arman,100,RU,1566607332,83,59.7,150.17,54.45,4.92
484,revda,100,RU,1566607332,93,67.94,34.55,44.12,2.3
485,mbandaka,42,CD,1566607333,63,0.05,18.26,74.02,0.34
486,chernyshevskiy,0,RU,1566607334,84,63.01,112.47,55.17,1.77
487,nelson bay,0,AU,1566607335,50,-32.72,152.14,64.76,9.17
488,yar-sale,100,RU,1566607335,88,66.83,70.83,48.32,8.12
489,tual,99,ID,1566607336,84,-5.67,132.75,76.38,18.92
490,benguela,74,AO,1566607337,88,-12.58,13.4,68.44,15.64
491,hovd,75,NO,1566607338,87,63.83,10.7,54.36,5.82
492,chake chake,100,TZ,1566607339,89,-5.25,39.77,75.37,14.76
493,yarada,40,IN,1566607340,88,17.65,83.27,80.6,6.93
494,eureka,1,US,1566607340,72,40.8,-124.16,64.71,9.17
495,tocopilla,49,CL,1566607341,81,-22.09,-70.2,55.62,0.85
496,luganville,40,VU,1566607342,65,-15.51,167.18,77.0,10.29
497,oiso,40,JP,1566607342,78,35.32,139.28,81.81,3.36
498,krasnyy profintern,0,RU,1566607343,93,57.74,40.44,51.8,2.24
499,tezu,5,IN,1566607344,82,27.93,96.16,73.23,3.42
500,maldonado,0,UY,1566607345,87,-34.91,-54.96,48.2,6.93
501,socorro,90,US,1566607346,40,31.65,-106.3,82.33,23.04
502,dunedin,25,NZ,1566607298,53,-45.87,170.5,55.99,7.0
503,beyneu,0,KZ,1566607347,42,45.32,55.19,71.12,8.46
504,hundested,0,DK,1566607348,100,55.97,11.85,58.51,1.12
505,tynda,51,RU,1566607348,72,55.15,124.74,61.8,2.68
506,arkhara,98,RU,1566607349,91,49.42,130.09,61.74,2.57
507,anadyr,75,RU,1566607350,71,64.73,177.51,55.2,6.71
508,bayir,0,TR,1566607350,35,37.27,28.22,86.0,3.36
509,redlands,5,US,1566607334,20,34.06,-117.19,85.3,4.7
510,rognan,75,NO,1566607352,87,67.1,15.4,51.19,4.7
511,bubaque,94,GW,1566607353,83,11.28,-15.83,79.26,16.78
512,krasnoslobodsk,54,RU,1566607353,87,54.42,43.79,54.85,3.15
513,javanrud,0,IR,1566607354,30,34.8,46.49,64.4,1.72
514,luxeuil-les-bains,90,FR,1566607355,93,47.82,6.38,58.24,2.24
515,monzon,20,IT,1566607355,93,46.45,11.69,57.43,4.7
516,lagoa santa,0,BR,1566607356,77,-19.64,-43.9,63.84,12.75
517,shawville,20,CA,1566607357,55,45.61,-76.49,64.15,6.6
518,rawlins,90,US,1566607358,32,41.79,-107.24,71.71,18.34
519,taoudenni,16,ML,1566607358,29,22.68,-3.98,95.69,5.55
520,luanda,75,AO,1566607209,94,-8.83,13.24,69.8,3.36
